epoch,time,train/box_loss,train/cls_loss,train/dfl_loss,metrics/precision(B),metrics/recall(B),metrics/mAP50(B),metrics/mAP50-95(B),val/box_loss,val/cls_loss,val/dfl_loss,lr/pg0,lr/pg1,lr/pg2
1,13.1546,0.80421,2.4958,1.06009,0.00333,1,0.80958,0.64716,0.67156,2.97768,0.85942,0.00042,0.00042,0.00042
2,20.045,0.66868,1.35621,0.93923,1,0.48623,0.88139,0.70093,0.63711,2.59446,0.86273,0.000842972,0.000842972,0.000842972
3,26.0588,0.69508,1.21714,0.96813,0.95546,0.87566,0.96302,0.78211,0.72409,1.9146,0.92704,0.00124852,0.00124852,0.00124852
4,31.9728,0.66977,1.11776,0.93583,0.7873,0.83673,0.89988,0.69407,0.74453,1.50276,0.96328,0.00163664,0.00163664,0.00163664
5,37.8229,0.70955,1.04124,0.96816,0.81988,0.80612,0.89433,0.69378,0.65733,1.05216,0.93359,0.0018416,0.0018416,0.0018416
6,43.8171,0.66774,0.957,0.94775,0.97366,0.97959,0.98858,0.80375,0.65876,0.82562,0.90726,0.001802,0.001802,0.001802
7,49.8152,0.65581,0.88609,0.94279,0.92977,0.96939,0.98339,0.77583,0.71108,0.90763,0.92134,0.0017624,0.0017624,0.0017624
8,55.7174,0.64207,0.78328,0.95119,0.97695,0.97959,0.99066,0.83023,0.57458,0.91358,0.86499,0.0017228,0.0017228,0.0017228
9,61.6207,0.62569,0.7379,0.92926,0.96979,0.98261,0.98903,0.78713,0.71207,0.7064,0.89268,0.0016832,0.0016832,0.0016832
10,67.4254,0.62816,0.71518,0.92885,0.9877,0.96939,0.99032,0.83032,0.59367,0.61604,0.87365,0.0016436,0.0016436,0.0016436
11,73.2938,0.60377,0.66168,0.9465,0.97259,1,0.992,0.83579,0.59251,0.57623,0.88526,0.001604,0.001604,0.001604
12,79.141,0.54536,0.61936,0.90892,0.95891,1,0.99113,0.85797,0.50174,0.50669,0.83714,0.0015644,0.0015644,0.0015644
13,84.9019,0.61032,0.61873,0.95321,0.98804,1,0.9948,0.86016,0.58785,0.56489,0.85669,0.0015248,0.0015248,0.0015248
14,90.8089,0.55713,0.56077,0.91374,0.99789,1,0.995,0.85535,0.54024,0.52549,0.8429,0.0014852,0.0014852,0.0014852
15,96.6953,0.55306,0.56092,0.91406,0.97996,0.97959,0.99305,0.85969,0.48697,0.43855,0.84568,0.0014456,0.0014456,0.0014456
16,102.564,0.52916,0.54452,0.89766,1,0.99681,0.995,0.87283,0.46068,0.38805,0.83664,0.001406,0.001406,0.001406
17,108.572,0.54817,0.52594,0.90824,0.98753,1,0.9947,0.87657,0.52342,0.4645,0.8498,0.0013664,0.0013664,0.0013664
18,114.573,0.53012,0.51997,0.9119,0.97948,0.9898,0.99217,0.8627,0.61072,0.44632,0.88352,0.0013268,0.0013268,0.0013268
19,120.335,0.50248,0.48172,0.90028,0.98927,1,0.9948,0.87011,0.55081,0.38885,0.84946,0.0012872,0.0012872,0.0012872
20,126.158,0.49975,0.47399,0.89493,0.9893,1,0.995,0.87134,0.49705,0.40841,0.83594,0.0012476,0.0012476,0.0012476
21,131.962,0.48801,0.47036,0.88517,0.99889,1,0.995,0.87034,0.48497,0.35643,0.82423,0.001208,0.001208,0.001208
22,137.848,0.48055,0.4491,0.88169,0.9936,1,0.995,0.86306,0.48186,0.36437,0.83976,0.0011684,0.0011684,0.0011684
23,143.634,0.48405,0.46111,0.88828,0.99441,1,0.995,0.86051,0.47638,0.35877,0.82933,0.0011288,0.0011288,0.0011288
24,149.433,0.4942,0.44552,0.89169,0.98867,1,0.99116,0.86208,0.47635,0.35787,0.8359,0.0010892,0.0010892,0.0010892
25,155.238,0.47022,0.43147,0.88932,0.98894,1,0.9949,0.88443,0.45103,0.33033,0.82802,0.0010496,0.0010496,0.0010496
26,161.065,0.46786,0.42796,0.89231,0.98888,1,0.99247,0.87961,0.45095,0.31891,0.82589,0.00101,0.00101,0.00101
27,166.975,0.46553,0.41903,0.8852,0.98813,1,0.9948,0.89125,0.41913,0.3391,0.82683,0.0009704,0.0009704,0.0009704
28,172.756,0.45088,0.41248,0.88477,0.9991,1,0.995,0.89828,0.43861,0.31428,0.81511,0.0009308,0.0009308,0.0009308
29,178.544,0.44482,0.38166,0.87947,0.99938,1,0.995,0.89009,0.46713,0.31944,0.81999,0.0008912,0.0008912,0.0008912
30,184.389,0.43132,0.37321,0.88141,0.99804,1,0.995,0.90201,0.43112,0.29149,0.82343,0.0008516,0.0008516,0.0008516
31,190.225,0.40198,0.36963,0.87056,0.98841,1,0.9949,0.89045,0.4381,0.31898,0.82476,0.000812,0.000812,0.000812
32,196.044,0.38977,0.3638,0.86793,0.99592,1,0.995,0.91852,0.41731,0.29746,0.81528,0.0007724,0.0007724,0.0007724
33,201.83,0.38513,0.34144,0.86356,0.99522,1,0.995,0.89459,0.39955,0.29895,0.81937,0.0007328,0.0007328,0.0007328
34,207.67,0.40287,0.35175,0.86205,0.99789,1,0.995,0.89269,0.42116,0.28528,0.81592,0.0006932,0.0006932,0.0006932
35,213.495,0.37575,0.33746,0.85509,0.99867,1,0.995,0.91303,0.39871,0.26845,0.80099,0.0006536,0.0006536,0.0006536
36,219.409,0.37652,0.33983,0.84891,0.99764,1,0.995,0.91325,0.40896,0.28051,0.79908,0.000614,0.000614,0.000614
37,225.274,0.36623,0.33486,0.8578,0.99882,1,0.995,0.91792,0.44485,0.2937,0.8082,0.0005744,0.0005744,0.0005744
38,231.176,0.36777,0.33091,0.86977,0.99651,1,0.995,0.91998,0.40213,0.28153,0.80768,0.0005348,0.0005348,0.0005348
39,237.011,0.37708,0.34065,0.85486,0.99643,1,0.995,0.914,0.38275,0.26878,0.81085,0.0004952,0.0004952,0.0004952
40,242.865,0.37199,0.33845,0.86665,0.99795,1,0.995,0.92556,0.38859,0.26189,0.80538,0.0004556,0.0004556,0.0004556
41,288.942,0.31285,0.28396,0.81687,0.99928,1,0.995,0.92113,0.3669,0.24213,0.79791,0.000416,0.000416,0.000416
42,294.928,0.30162,0.27272,0.79966,0.99853,1,0.995,0.90351,0.37245,0.24045,0.79862,0.0003764,0.0003764,0.0003764
43,300.836,0.31,0.26529,0.81422,0.99813,1,0.995,0.91741,0.38508,0.25973,0.80036,0.0003368,0.0003368,0.0003368
44,306.559,0.28569,0.25127,0.80131,0.99779,1,0.995,0.93155,0.36973,0.25582,0.80074,0.0002972,0.0002972,0.0002972
45,312.359,0.28293,0.24119,0.79263,0.99361,1,0.995,0.92385,0.35402,0.24736,0.80254,0.0002576,0.0002576,0.0002576
46,318.575,0.27395,0.24354,0.78258,0.99397,1,0.995,0.93395,0.3507,0.25384,0.79334,0.000218,0.000218,0.000218
47,325.386,0.26223,0.23424,0.79285,0.99458,1,0.995,0.93502,0.34491,0.25714,0.79273,0.0001784,0.0001784,0.0001784
48,331.64,0.27239,0.23089,0.78384,0.99704,1,0.995,0.93755,0.3497,0.23851,0.7918,0.0001388,0.0001388,0.0001388
49,337.596,0.25299,0.2265,0.79614,0.997,1,0.995,0.92976,0.32916,0.223,0.79209,9.92e-05,9.92e-05,9.92e-05
50,343.524,0.25007,0.22239,0.78617,0.99806,1,0.995,0.93202,0.32831,0.2179,0.78937,5.96e-05,5.96e-05,5.96e-05
